{"res/atlas/Blood.atlas":["Blood/",["Blood_0000.png","Blood_0001.png","Blood_0002.png","Blood_0003.png","Blood_0004.png","Blood_0005.png","Blood_0006.png","Blood_0007.png","Blood_0008.png","Blood_0009.png","Blood_0010.png","Blood_0011.png","Blood_0012.png","Blood_0013.png","Blood_0014.png"]],"res/atlas/cahracter.atlas":["cahracter/",["Player_attack_0.png","Player_attack_1.png","Player_attack_2.png","Player_attack_3.png","Player_attack_4.png","Player_attack_5.png"]],"res/atlas/Character(0902)/Run.atlas":["Character(0902)/Run/",["character_run_1.png","character_run_2.png","character_run_3.png","character_run_4.png"]],"res/atlas/Character(0904)/Run.atlas":["Character(0904)/Run/",["character_run_1.png","character_run_2.png","character_run_3.png","character_run_4.png"]],"res/atlas/Character(0904)/Stand.atlas":["Character(0904)/Stand/",["character_stand_1.png","character_stand_2.png","character_stand_3.png","character_stand_4.png"]],"res/atlas/character.atlas":["character/",["Player_attack_0.png","Player_attack_1.png","Player_attack_2.png","Player_attack_3.png","Player_attack_4.png","Player_attack_5.png"]],"res/atlas/comp.atlas":["comp/",["Cat.png","box.png","btn_close.png","button.png","check_circle.png","checkbox.png","clip_num.png","clip_tree_arrow.png","clip_tree_folder.png","combobox.png","fontClip.png","fontClip_num.png","grass20.png","hscroll$bar.png","hscroll$down.png","hscroll$up.png","hscroll.png","hslider$bar.png","hslider.png","html.png","image.png","img_bg.png","img_bg2.png","img_bg3.png","img_bg4.png","img_bg5.png","img_blank.png","label.png","monster_normal.png","monster_shield.png","progress$bar.png","progress.png","progressYellow$bar.png","progressYellow.png","radio.png","radiogroup.png","tab.png","textarea.png","textinput.png","vscroll$bar.png","vscroll$down.png","vscroll$up.png","vscroll.png","vslider$bar.png","vslider.png"]],"res/atlas/goblin/images.atlas":["goblin/images/",["idle_01.png","idle_02.png","idle_03.png","idle_04.png"]],"res/atlas/goblin.atlas":["goblin/",["attack_01.png","attack_02.png","attack_03.png","attack_04.png","attack_05.png","attack_06.png","attack_07.png","attack_08.png","idle_01.png","idle_02.png","idle_03.png","idle_04.png","run_01.png","run_02.png","run_03.png","run_04.png","run_05.png","run_06.png","run_07.png","run_08.png"]],"res/atlas/Skill.atlas":["Skill/",["spike.png"]]}