{"type":"Scene","props":{"x":0,"width":4098,"skewY":0,"skewX":0,"pivotX":0,"height":768},"compId":2,"child":[{"type":"Sprite","props":{"y":598,"x":0,"width":4096,"texture":"comp/grass20.png","name":"Ground_col","height":170},"compId":6,"child":[{"type":"Script","props":{"y":0,"x":0,"width":4096,"height":170,"runtime":"laya.physics.BoxCollider"},"compId":24},{"type":"Script","props":{"type":"static","mask":-1,"gravityScale":1,"category":2,"runtime":"laya.physics.RigidBody"},"compId":25}]},{"type":"Script","props":{"runtime":"script/SceneInit.ts"},"compId":216},{"type":"Script","props":{"enemyGenerateTime":3000,"EnemyGenerateTime":5000,"runtime":"script/EnemyInit.ts"},"compId":217},{"type":"Script","props":{"runtime":"script/CharacterInit.ts"},"compId":220},{"type":"Sprite","props":{"y":0,"x":0,"texture":"Background(0912)/Red Forest/Red Forest(x3)(0912).png","name":"Background"},"compId":225}],"loadList":["comp/grass20.png","Background(0912)/Red Forest/Red Forest(x3)(0912).png"],"loadList3D":[]}