{"type":"Scene","props":{"width":1366,"height":768},"compId":2,"child":[{"type":"Sprite","props":{"y":0,"x":0,"width":1366,"texture":"Village/Village.png","name":"bg","height":768},"compId":3},{"type":"Button","props":{"y":467,"x":271,"width":234,"skin":"comp/button.png","name":"Reinforce","labelSize":30,"label":"Reinforce","height":73},"compId":7},{"type":"Button","props":{"y":479,"x":935,"width":234,"skin":"comp/button.png","name":"Battle","labelSize":30,"label":"Battle","height":73},"compId":8},{"type":"Button","props":{"y":637,"x":566,"width":234,"skin":"comp/button.png","name":"Temple","labelSize":30,"label":"Temple","height":73},"compId":9},{"type":"Script","props":{"runtime":"script/Village.ts"},"compId":10}],"loadList":["Village/Village.png","comp/button.png"],"loadList3D":[]}